{
    "predict_bleu-4": 75.17240493230175,
    "predict_model_preparation_time": 0.0036,
    "predict_rouge-1": 79.47719700193424,
    "predict_rouge-2": 62.01511286266924,
    "predict_rouge-l": 74.89488568665377,
    "predict_runtime": 500.8739,
    "predict_samples_per_second": 2.064,
    "predict_steps_per_second": 1.032
}