{
    "predict_bleu-4": 75.26285299806577,
    "predict_model_preparation_time": 0.0036,
    "predict_rouge-1": 79.59667408123792,
    "predict_rouge-2": 61.88560860735009,
    "predict_rouge-l": 74.79552562862669,
    "predict_runtime": 504.4766,
    "predict_samples_per_second": 2.05,
    "predict_steps_per_second": 1.025
}