{
    "predict_bleu-4": 75.23028646034815,
    "predict_model_preparation_time": 0.0037,
    "predict_rouge-1": 79.2699750483559,
    "predict_rouge-2": 61.3906579303675,
    "predict_rouge-l": 74.83128056092843,
    "predict_runtime": 501.6116,
    "predict_samples_per_second": 2.061,
    "predict_steps_per_second": 1.031
}