{
    "predict_bleu-4": 75.14449110251451,
    "predict_model_preparation_time": 0.0036,
    "predict_rouge-1": 79.41094487427465,
    "predict_rouge-2": 61.743366924564796,
    "predict_rouge-l": 74.6933992263056,
    "predict_runtime": 501.8051,
    "predict_samples_per_second": 2.061,
    "predict_steps_per_second": 1.03
}