{
    "predict_bleu-4": 75.90070096711798,
    "predict_model_preparation_time": 0.0036,
    "predict_rouge-1": 79.54136276595746,
    "predict_rouge-2": 62.07374439071567,
    "predict_rouge-l": 75.33181528046421,
    "predict_runtime": 511.7176,
    "predict_samples_per_second": 2.021,
    "predict_steps_per_second": 1.01
}