{
    "predict_bleu-4": 72.88852214700194,
    "predict_model_preparation_time": 0.0036,
    "predict_rouge-1": 77.85738839458413,
    "predict_rouge-2": 60.13482630560929,
    "predict_rouge-l": 72.88583994197293,
    "predict_runtime": 351.3133,
    "predict_samples_per_second": 2.943,
    "predict_steps_per_second": 0.37
}