{
    "predict_bleu-4": 69.65795125725339,
    "predict_model_preparation_time": 0.0037,
    "predict_rouge-1": 77.67734177949708,
    "predict_rouge-2": 59.772934816247584,
    "predict_rouge-l": 70.69125319148938,
    "predict_runtime": 355.43,
    "predict_samples_per_second": 2.909,
    "predict_steps_per_second": 0.366
}